<?xml version='1.0' encoding='UTF-8' ?>
<timeLogEntries>
  <time id="1" path="/No Proyecto/PSP Fundamentals &amp; Advanced/Program 1/Planning" start="@1486330216070" delta="4" />
  <time id="2" path="/No Proyecto/PSP Fundamentals &amp; Advanced/Program 1/Planning" start="@1486330768800" delta="8" />
  <time id="3" path="/No Proyecto/PSP Fundamentals &amp; Advanced/Program 1/Design" start="@1486331250679" delta="1" />
  <time id="4" path="/No Proyecto/PSP Fundamentals &amp; Advanced/Program 1/Design" start="@1486332320793" delta="10" />
  <time id="5" path="/No Proyecto/PSP Fundamentals &amp; Advanced/Program 1/Code" start="@1486332943057" delta="45" interrupt="30" />
  <time id="6" path="/No Proyecto/PSP Fundamentals &amp; Advanced/Program 1/Code" start="@1486337611603" delta="70" interrupt="13" />
  <time id="7" path="/No Proyecto/PSP Fundamentals &amp; Advanced/Program 1/Compile" start="@1486342587171" delta="2" />
  <time id="8" path="/No Proyecto/PSP Fundamentals &amp; Advanced/Program 1/Test" start="@1486343146226" delta="46" />
  <time id="9" path="/No Proyecto/PSP Fundamentals &amp; Advanced/Program 1/Test" start="@1486348352702" delta="5" />
  <time id="10" path="/No Proyecto/PSP Fundamentals &amp; Advanced/Program 1/Postmortem" start="@1486349906393" delta="3" interrupt="4" />
  <time id="11" path="/No Proyecto/PSP Fundamentals &amp; Advanced/Program 2/Planning" start="@1487544702687" delta="3" />
  <time id="12" path="/No Proyecto/PSP Fundamentals &amp; Advanced/Program 2/Planning" start="@1487545512349" delta="16" interrupt="2" />
  <time id="13" path="/No Proyecto/PSP Fundamentals &amp; Advanced/Program 2/Planning" start="@1487547071776" delta="8" />
  <time id="14" path="/No Proyecto/PSP Fundamentals &amp; Advanced/Program 2/Design" start="@1487549797518" delta="7" />
  <time id="15" path="/No Proyecto/PSP Fundamentals &amp; Advanced/Program 2/Code" start="@1487550229318" delta="47" interrupt="69" />
  <time id="16" path="/No Proyecto/PSP Fundamentals &amp; Advanced/Program 2/Code" start="@1487557861018" delta="10" />
  <time id="17" path="/No Proyecto/PSP Fundamentals &amp; Advanced/Program 2/Code" start="@1487561998404" delta="21" />
  <time id="18" path="/No Proyecto/PSP Fundamentals &amp; Advanced/Program 2/Code" start="@1487642302840" delta="40" />
  <time id="19" path="/No Proyecto/PSP Fundamentals &amp; Advanced/Program 2/Code" start="@1487648590026" delta="16" />
  <time id="20" path="/No Proyecto/PSP Fundamentals &amp; Advanced/Program 2/Code" start="@1487651665499" delta="26" />
  <time id="21" path="/No Proyecto/PSP Fundamentals &amp; Advanced/Program 2/Code" start="@1487653825232" delta="43" />
  <time id="22" path="/No Proyecto/PSP Fundamentals &amp; Advanced/Program 2/Compile" start="@1487656397637" delta="1" />
</timeLogEntries>
